2025-10-21T13:23:44.759850,1,0.568291676895959,yolov5m,9.5,7,2.4405202865600586,3.3513312339782715,2.4434432983398438,-19.336872378376516
2025-10-21T13:23:45.370129,2,0.9022809565067291,yolov5m,70.0,2,0.570697546005249,3.782593250274658,3.0537233352661133,-0.30469308959766894
2025-10-21T13:23:45.713115,3,0.4821515679359436,yolov5m,63.3,2,0.2974534034729004,3.8199453353881836,3.3967084884643555,0.04656781024636297
2025-10-21T13:23:46.129769,4,0.6578196853399276,yolov5m,60.4,10,0.35307931900024414,3.9496912956237793,3.8133623600006104,0.3210648864507675
2025-10-21T13:23:46.665239,5,0.5970433533191681,yolov5m,61.0,5,0.48552775382995605,4.144585847854614,4.348832845687866,0.11312362684143919
2025-10-21T13:23:47.121052,6,0.8814250826835632,yolov5m,63.6,1,0.42412495613098145,4.291528940200806,4.80464506149292,0.4657306869824727
2025-10-21T13:23:47.465406,7,0.44530478545597624,yolov5m,65.0,7,0.31740593910217285,4.316026449203491,5.149000406265259,-0.3440687616516599
2025-10-21T13:23:48.014552,8,0.736350804567337,yolov5m,61.4,2,0.4925861358642578,4.548639297485352,5.698146343231201,0.24458843138482836
2025-10-21T13:23:48.409613,9,0.898948093255361,yolov5m,60.2,3,0.3182690143585205,4.605797290802002,6.093207359313965,0.6008714106347826
2025-10-21T13:23:48.776331,10,0.7326578458150228,yolov5m,59.1,15,0.3048679828643799,4.633646488189697,6.4599244594573975,0.449471198187934
2025-10-21T13:23:49.013189,11,0.8728080689907074,yolov5m,65.4,6,0.21648573875427246,4.520199775695801,6.696782827377319,0.6878239148192935
2025-10-21T13:23:49.462101,12,0.9361441731452942,yolov5m,63.6,1,0.4026908874511719,4.624805688858032,7.145694732666016,0.5442654093106588
2025-10-21T13:23:49.795976,13,0.872920572757721,yolov5m,62.8,3,0.29777073860168457,4.606685638427734,7.479570627212524,0.5976197520891825
2025-10-21T13:23:50.421130,14,0.8407039642333984,yolov5m,73.7,1,0.5800867080688477,4.859178066253662,8.104724168777466,-0.46016151472412015
2025-10-21T13:23:50.779186,15,0.7006250619888306,yolov5m,59.1,4,0.29688096046447754,4.852816343307495,8.462780475616455,0.4263128836949666
2025-10-21T13:23:51.378495,16,0.7929405272006989,yolov5m,63.5,2,0.5494647026062012,5.113076686859131,9.06208872795105,-0.20170550956923933
2025-10-21T13:23:51.976561,17,0.9064537882804871,yolov5m,60.2,3,0.5358400344848633,5.3375866413116455,9.660154581069946,0.048054160231110365
2025-10-21T13:23:52.279315,18,0.6438886991568974,yolov5m,64.3,7,0.27541422843933105,5.2701780796051025,9.96290922164917,0.39342844533541843
2025-10-21T13:23:52.840697,19,0.9450727105140686,yolov5m,60.1,1,0.5004589557647705,5.466214656829834,10.524291753768921,0.44048316204546045
2025-10-21T13:23:53.141509,20,0.9362346827983856,yolov5m,63.6,2,0.27370715141296387,5.427196502685547,10.82510256767273,0.6876711812284257
2025-10-21T13:23:53.614570,21,0.6836312711238861,yolov5m,62.5,8,0.4357490539550781,5.541315078735352,11.298164129257202,0.2550212111737993
2025-10-21T13:23:53.975202,22,0.7517542789379755,yolov5m,63.2,12,0.3209950923919678,5.557508707046509,11.658796787261963,0.450648620724678
2025-10-21T13:23:54.481343,23,0.9505534172058105,yolov5m,64.9,2,0.43544983863830566,5.711275100708008,12.164937257766724,0.5222758187188042
2025-10-21T13:23:54.825092,24,0.5971959475427866,yolov5m,58.9,16,0.279742956161499,5.692547082901001,12.508686065673828,0.34192599625223213
2025-10-21T13:23:55.250327,25,0.707349956035614,yolov5m,69.2,2,0.3933753967285156,5.762096643447876,12.933919668197632,0.3258217374483744
2025-10-21T13:23:55.610063,26,0.5315734405409206,yolov5m,61.7,22,0.3119232654571533,5.77328896522522,13.293657064437866,0.24054759003297246
2025-10-21T13:23:56.046371,27,0.807536780834198,yolov5m,64.8,1,0.4062676429748535,5.826222896575928,13.729964971542358,0.4116838441954719
2025-10-21T13:23:56.331236,28,0.8428861498832703,yolov5m,65.4,12,0.2577321529388428,5.76860499382019,14.01482892036438,0.6120726466178894
2025-10-21T13:23:56.654844,29,0.7950312750680106,yolov5m,61.9,7,0.3007011413574219,5.733094930648804,14.3384370803833,0.5164744513375419
2025-10-21T13:23:57.085660,30,0.9257535934448242,yolov5m,58.3,2,0.3775975704193115,5.793408632278442,14.769253730773926,0.5617562929789225
2025-10-21T13:23:57.409347,31,0.9432738423347473,yolov5m,64.2,1,0.2963266372680664,5.74286961555481,15.09294056892395,0.6695775787035624
2025-10-21T13:23:57.705330,32,0.678217911058002,yolov5m,62.0,9,0.26059675216674805,5.669486999511719,15.38892412185669,0.4442215197616153
2025-10-21T13:23:58.098320,33,0.7076791115105152,yolov5m,60.4,8,0.34172677993774414,5.67665696144104,15.781913995742798,0.3835382449130217
2025-10-21T13:23:58.493349,34,0.6218809551662869,yolov5m,59.4,9,0.33710360527038574,5.672667980194092,16.176943063735962,0.3028769493103028
2025-10-21T13:23:58.939086,35,0.5903038313755622,yolov5m,59.1,13,0.37831687927246094,5.72532844543457,16.622678518295288,0.22550729885060558
2025-10-21T13:23:59.331610,36,0.7851650416851044,yolov5m,67.0,2,0.3533165454864502,5.710854530334473,17.01520347595215,0.44814665781127083
2025-10-21T13:23:59.754793,37,0.776276171207428,yolov5m,61.4,5,0.3636746406555176,5.704729080200195,17.438387155532837,0.42774879270129734
2025-10-21T13:24:00.129670,38,0.6355650275945663,yolov5m,70.7,2,0.3562347888946533,5.657662630081177,17.813263654708862,0.29530415104495156
2025-10-21T13:24:00.508139,39,0.6245473206043244,yolov5m,65.6,15,0.3165550231933594,5.582531690597534,18.19173264503479,0.32837507261170285
2025-10-21T13:24:00.821251,40,0.7436911165714264,yolov5m,67.6,2,0.28810977935791016,5.470365762710571,18.50484585762024,0.47912469506263733
2025-10-21T13:24:01.401596,41,0.880608081817627,yolov5m,62.3,2,0.5348200798034668,5.600860834121704,19.085190773010254,0.032407980183162266
2025-10-21T13:24:01.773601,42,0.9075921177864075,yolov5m,63.4,1,0.32612085342407227,5.525430917739868,19.457195043563843,0.6007911695374383
2025-10-21T13:24:02.372294,43,0.7472558170557022,yolov5m,64.3,10,0.5425925254821777,5.670875310897827,20.055887460708618,-0.1786685859172692
2025-10-21T13:24:02.749617,44,0.6511669039726258,yolov5m,70.7,5,0.35278916358947754,5.553102016448975,20.433211088180542,0.3147344999843174
2025-10-21T13:24:03.084444,45,0.8690147399902344,yolov5m,62.5,1,0.28235387802124023,5.4260430335998535,20.768038034439087,0.6108437644110786
2025-10-21T13:24:03.612639,46,0.9156275987625122,yolov5m,60.8,2,0.46437644958496094,5.503177165985107,21.29623317718506,0.45520932144588894
2025-10-21T13:24:03.957119,47,0.8191226465361459,yolov5m,61.9,7,0.2947356700897217,5.4169909954071045,21.64071297645569,0.5471941242142329
2025-10-21T13:24:04.323140,48,0.6964721977710724,yolov5m,63.1,5,0.31618547439575195,5.3694610595703125,22.006734132766724,0.4007105595535702
2025-10-21T13:24:04.708872,49,0.7590407282114029,yolov5m,63.7,4,0.35327625274658203,5.333245515823364,22.392465591430664,0.422067114048534
2025-10-21T13:24:04.997489,50,0.7915007812636239,yolov5m,64.8,7,0.26225781440734863,5.192022800445557,22.681082725524902,0.5556587652554588
2025-10-21T13:24:05.431183,51,0.6203366816043854,yolov5m,69.7,2,0.39012622833251953,5.18364953994751,23.114776611328125,0.24241865012380812
2025-10-21T13:24:05.742322,52,0.8198766708374023,yolov5m,66.0,2,0.2627220153808594,5.041877746582031,23.425915718078613,0.5835188759697808
2025-10-21T13:24:06.167017,53,0.9184584617614746,yolov5m,66.5,2,0.37908506393432617,4.986422777175903,23.850610733032227,0.5528083907233344
2025-10-21T13:24:06.614380,54,0.9104242324829102,yolov5m,67.8,1,0.40492820739746094,4.948316812515259,24.297974824905396,0.5160595575968424
2025-10-21T13:24:07.008749,55,0.6009996645152569,yolov5m,64.5,16,0.34664130210876465,4.8412346839904785,24.69234275817871,0.27139821772774064
2025-10-21T13:24:07.323127,56,0.8660664558410645,yolov5m,61.4,1,0.2725975513458252,4.652204990386963,25.006721019744873,0.618735843234592
2025-10-21T13:24:07.657755,57,0.8735940456390381,yolov5m,63.7,2,0.3055884838104248,4.47217869758606,25.34134864807129,0.5896068414052327
2025-10-21T13:24:07.965213,58,0.5147973001003265,yolov5m,61.4,4,0.27536892890930176,4.262450456619263,25.64880657196045,0.2643873790899912
2025-10-21T13:24:08.347428,59,0.9393545389175415,yolov5m,62.3,1,0.3442964553833008,4.141801118850708,26.031021118164062,0.6123584773805406
2025-10-21T13:24:08.633281,60,0.7165984604507685,yolov5m,63.4,16,0.2550969123840332,3.874878406524658,26.316874504089355,0.4887130022462871
2025-10-21T13:24:08.998180,61,0.6811776906251907,yolov5m,62.9,18,0.3272874355316162,3.734147787094116,26.681773900985718,0.3730805400345061
2025-10-21T13:24:09.459948,62,0.7607966661453247,yolov5m,63.5,3,0.39743661880493164,3.72481632232666,27.143542289733887,0.37475597858428955
2025-10-21T13:24:09.891108,63,0.8915200233459473,yolov5m,65.3,1,0.3854687213897705,3.6644108295440674,27.574700832366943,0.5187769995795356
2025-10-21T13:24:10.332090,64,0.715933895111084,yolov5m,71.8,5,0.39901280403137207,3.6370909214019775,28.015683889389038,0.3281418906317817
2025-10-21T13:24:10.802897,65,0.697156568368276,yolov5m,61.8,6,0.4246096611022949,3.6505343914031982,28.486491441726685,0.2809236115879483
2025-10-21T13:24:11.343327,66,0.7086799889802933,yolov5m,59.1,4,0.4710855484008789,3.7627575397491455,29.026920557022095,0.24080715742376116
2025-10-21T13:24:11.757345,67,0.7875092956754897,yolov5m,59.6,9,0.3569939136505127,3.735936403274536,29.440937519073486,0.44640494717491996
2025-10-21T13:24:12.066868,68,0.7485161423683167,yolov5m,64.8,2,0.2862865924835205,3.634204864501953,29.75046181678772,0.4859754840532938
2025-10-21T13:24:12.425708,69,0.853997562612806,yolov5m,66.0,14,0.3431568145751953,3.567695379257202,30.109302520751953,0.5282677686403667
2025-10-21T13:24:12.734160,70,0.38958579301834106,yolov5m,65.4,1,0.27784132957458496,3.459212303161621,30.417754411697388,-0.8572968943975162
2025-10-21T13:24:13.120008,71,0.37733179330825806,yolov5m,65.7,1,0.34331703186035156,3.417088508605957,30.80360245704651,-1.0525874267363609
2025-10-21T13:24:13.395091,72,0.6269360482692719,yolov5m,64.2,8,0.25164198875427246,3.277412176132202,31.07868528366089,0.402889394097858
2025-10-21T13:24:13.656723,73,0.8387943421091352,yolov5m,64.4,7,0.23054742813110352,3.131171703338623,31.340316772460938,0.6381860886301313
2025-10-21T13:24:14.003010,74,0.7040606439113617,yolov5m,58.6,2,0.28958725929260254,3.0469894409179688,31.686603546142578,0.4378525780306922
2025-10-21T13:24:14.231117,75,0.6030954321225485,yolov5m,64.4,3,0.2180497646331787,2.874121904373169,31.914710998535156,0.41637347141901654
2025-10-21T13:24:14.604138,76,0.5322030484676361,yolov5m,62.3,3,0.33256101608276367,2.830927610397339,32.287731647491455,0.21824636393123203
2025-10-21T13:24:14.965379,77,0.8352129658063253,yolov5m,65.3,3,0.3201305866241455,2.7722864151000977,32.64897346496582,0.5350678695572748
2025-10-21T13:24:15.426415,78,0.8806837499141693,yolov5m,72.0,4,0.4182286262512207,2.8459725379943848,33.11000061035156,0.4715408318572574
2025-10-21T13:24:15.810622,79,0.7625924497842789,yolov5m,64.0,4,0.3325369358062744,2.819791078567505,33.494216203689575,0.44866252111064064
2025-10-21T13:24:16.278050,80,0.6974883377552032,yolov5m,63.8,3,0.41988658905029297,2.8786113262176514,33.96164345741272,0.28650323881043327
2025-10-21T13:24:16.569669,81,0.8584867715835571,yolov5m,65.4,3,0.2727694511413574,2.7691473960876465,34.253262519836426,0.6109651592042711
2025-10-21T13:24:17.059502,82,0.9546403288841248,yolov5m,60.6,1,0.41887354850769043,2.8449044227600098,34.743096351623535,0.5447808305422465
2025-10-21T13:24:17.619928,83,0.8582026561101278,yolov5m,65.0,6,0.49273180961608887,3.018543004989624,35.303521156311035,0.3662784232033624
2025-10-21T13:24:18.035743,84,0.811466634273529,yolov5m,66.3,2,0.3726828098297119,3.0306320190429688,35.71933698654175,0.45293017890718246
2025-10-21T13:24:18.467226,85,0.7224828345435006,yolov5m,65.4,7,0.3812875747680664,3.042123794555664,36.15081977844238,0.35438552924564903
2025-10-21T13:24:18.696042,86,0.7821811636288961,yolov5m,62.7,3,0.19443655014038086,2.8396241664886475,36.37963628768921,0.6216961079173617
2025-10-21T13:24:19.040912,87,0.922450602054596,yolov5m,62.1,1,0.29096412658691406,2.7607898712158203,36.72450590133667,0.6547126836246915
2025-10-21T13:24:19.449379,88,0.48001936078071594,yolov5m,69.5,1,0.3918447494506836,2.7575979232788086,37.13297200202942,-0.07963349197050384
2025-10-21T13:24:19.882541,89,0.9289007186889648,yolov5m,60.7,1,0.37533116340637207,2.7634754180908203,37.56613540649414,0.5674216482374403
2025-10-21T13:24:20.681623,90,0.5225107967853546,yolov5m,66.5,2,0.7483317852020264,3.1381938457489014,38.365216970443726,-2.460802088609138
2025-10-21T13:24:20.941117,91,0.8138723174730936,yolov5m,63.6,3,0.22748684883117676,2.9768588542938232,38.62471079826355,0.616664707660675
2025-10-21T13:24:21.349662,92,0.7005425771077474,yolov5m,67.7,15,0.3684515953063965,2.962468385696411,39.03325533866882,0.3467074712117513
2025-10-21T13:24:21.798600,93,0.4643614172935486,yolov5m,65.5,5,0.3881490230560303,2.9777743816375732,39.48219347000122,-0.2321062510232082
2025-10-21T13:24:22.219490,94,0.7633186876773834,yolov5m,65.1,3,0.3763694763183594,2.995867967605591,39.90308403968811,0.4006859362125397
2025-10-21T13:24:24.336187,95,0.8954567909240723,yolov5s,32.9,2,2.077953577041626,4.888804912567139,42.019782066345215,-15.384047420483764
2025-10-21T13:24:24.508411,96,0.8272174000740051,yolov5s,59.6,1,0.13901233673095703,4.8511621952056885,42.1920051574707,0.7283148037062751
2025-10-21T13:24:24.675803,97,0.5215662320454916,yolov5s,64.1,6,0.15024065971374512,4.796822547912598,42.359397649765015,0.4101877212524414
2025-10-21T13:24:24.931786,98,0.6803744946207319,yolov5s,58.9,7,0.2053213119506836,4.842075347900391,42.61538028717041,0.5077952591199724
2025-10-21T13:24:25.214818,99,0.5927017152309417,yolov5s,69.9,5,0.2507748603820801,4.917486667633057,42.89841270446777,0.3696185370286305
2025-10-21T13:24:25.392557,100,0.8344330787658691,yolov5s,66.7,2,0.15716075897216797,4.887591361999512,43.07615041732788,0.7153655687967936
2025-10-21T13:24:25.634564,101,0.7014482319355011,yolov5s,63.1,5,0.19733190536499023,4.917693376541138,43.3181574344635,0.5377461148632897
2025-10-21T13:24:25.825648,102,0.673708458741506,yolov5s,62.7,3,0.15247321128845215,4.913500547409058,43.509241580963135,0.5598493350876703
2025-10-21T13:24:26.252615,103,0.9230329394340515,yolov5s,58.0,2,0.36307454109191895,5.125627756118774,43.93620777130127,0.5751723382208083
2025-10-21T13:24:26.427756,104,0.7801069219907125,yolov5s,59.2,3,0.13982057571411133,5.09082293510437,44.11135005950928,0.6803062823083665
2025-10-21T13:24:26.729567,105,0.7309559471905231,yolov5s,59.9,8,0.25437116622924805,5.18764066696167,44.413161754608154,0.5038768736024697
2025-10-21T13:24:26.940244,106,0.6589552499353886,yolov5s,57.9,8,0.1607203483581543,5.196346044540405,44.62383818626404,0.5359326406485505
2025-10-21T13:24:27.126973,107,0.6650931984186172,yolov5s,59.5,6,0.1504209041595459,5.185577630996704,44.81056761741638,0.5535144160191218
2025-10-21T13:24:27.327771,108,0.9290112257003784,yolov5s,65.2,1,0.1808483600616455,5.204105615615845,45.01136565208435,0.7836241589652168
2025-10-21T13:24:27.540163,109,0.8198715150356293,yolov5s,65.0,2,0.1776292324066162,5.2358717918396,45.22375679016113,0.6780612568060558
2025-10-21T13:24:27.753574,110,0.7178325275580089,yolov5s,60.4,15,0.15595006942749023,5.256597518920898,45.43716764450073,0.6001102281941308
2025-10-21T13:24:28.136395,111,0.5861889868974686,yolov5s,61.2,2,0.32655835151672363,5.444244146347046,45.81998920440674,0.2789019296566645
2025-10-21T13:24:28.406625,112,0.6772913237412771,yolov5s,62.7,12,0.2156085968017578,5.530792236328125,46.09021735191345,0.49328177173932397
2025-10-21T13:24:28.602897,113,0.8037286003430685,yolov5s,65.0,3,0.1635582447052002,5.532429218292236,46.28649115562439,0.6775527728928461
2025-10-21T13:24:28.793920,114,0.6485158503055573,yolov5s,62.8,2,0.1519479751586914,5.542150974273682,46.477514028549194,0.5352403223514557
2025-10-21T13:24:29.012848,115,0.8574840724468231,yolov5s,60.2,2,0.15274620056152344,5.57869553565979,46.69644260406494,0.7433216273784637
2025-10-21T13:24:29.214687,116,0.7892720103263855,yolov5s,61.3,2,0.16122984886169434,5.59084939956665,46.89828133583069,0.6656832893689473
2025-10-21T13:24:29.405472,117,0.8166628479957581,yolov5s,59.7,1,0.15151476860046387,5.570025682449341,47.08906674385071,0.7038686606619093
2025-10-21T13:24:29.630867,118,0.4827643136183421,yolov5s,64.0,6,0.19201111793518066,5.614912986755371,47.31446194648743,0.1698533498573696
2025-10-21T13:24:29.845203,119,0.539030060172081,yolov5s,64.6,6,0.18396735191345215,5.653147459030151,47.52879738807678,0.3901774469349119
2025-10-21T13:24:30.071255,120,0.6895665352543195,yolov5s,70.9,12,0.19527196884155273,5.7034752368927,47.754847288131714,0.5281532365414832
2025-10-21T13:24:30.272461,121,0.7103892788290977,yolov5s,69.1,4,0.1520087718963623,5.733624219894409,47.95605421066284,0.5970461989442507
2025-10-21T13:24:30.500313,122,0.8716665804386139,yolov5s,61.0,2,0.17508411407470703,5.795692682266235,48.18390679359436,0.7326842314667172
2025-10-21T13:24:30.663006,123,0.8524854779243469,yolov5s,63.9,1,0.12444114685058594,5.796016693115234,48.34660077095032,0.769773092534807
2025-10-21T13:24:30.883349,124,0.6148914992809296,yolov5s,64.2,3,0.17987751960754395,5.839716672897339,48.56694269180298,0.47058314416143626
2025-10-21T13:24:31.115076,125,0.8254857659339905,yolov5s,63.5,1,0.1929621696472168,5.898287296295166,48.798670291900635,0.6666389107704163
2025-10-21T13:24:31.308131,126,0.48641759157180786,yolov5s,61.4,1,0.1452655792236328,5.9129393100738525,48.9917254447937,0.25832554378388967
2025-10-21T13:24:31.484150,127,0.7918368577957153,yolov5s,62.5,3,0.1458745002746582,5.913349151611328,49.16774320602417,0.6853096352683173
2025-10-21T13:24:31.767714,128,0.9682053923606873,yolov5s,63.0,1,0.21356558799743652,6.024479389190674,49.451308488845825,0.7864658501413133
2025-10-21T13:24:31.958587,129,0.603233814239502,yolov5s,66.2,4,0.15729093551635742,6.030307054519653,49.64218020439148,0.4840216636657715
2025-10-21T13:24:32.147321,130,0.7683413028717041,yolov5s,66.1,6,0.15527629852294922,6.0737128257751465,49.83091497421265,0.651367637846205
2025-10-21T13:24:32.520648,131,0.6676946452685765,yolov5s,63.3,21,0.3213539123535156,6.292517900466919,50.204241037368774,0.36619029820911464
2025-10-21T13:24:32.695121,132,0.9174003601074219,yolov5s,64.5,1,0.15068435668945312,6.311128377914429,50.37871432304382,0.8055288526746962
2025-10-21T13:24:33.001354,133,0.8608661989370981,yolov5s,63.4,6,0.25626659393310547,6.462574005126953,50.6849479675293,0.631681094566981
2025-10-21T13:24:33.372396,134,0.7861452698707581,yolov5s,63.1,2,0.3185737133026123,6.678279638290405,51.05598974227905,0.4877300328678555
2025-10-21T13:24:33.638316,135,0.6800214995940527,yolov5s,64.1,6,0.22330784797668457,6.789041042327881,51.321911096572876,0.4874572240644031
2025-10-21T13:24:33.827874,136,0.6669010519981384,yolov5s,67.0,2,0.16590380668640137,6.829439878463745,51.511467933654785,0.5381190445688036
2025-10-21T13:24:34.067317,137,0.7206705689430237,yolov5s,60.7,5,0.1930232048034668,6.921271800994873,51.75091075897217,0.5617558969391717
2025-10-21T13:24:34.301215,138,0.7120846807956696,yolov5s,65.2,3,0.1950087547302246,7.013392686843872,51.984808683395386,0.550963842206531
2025-10-21T13:24:36.365628,139,0.5976911783218384,yolov5n,34.5,6,2.0032856464385986,8.9335298538208,54.04922080039978,-14.93513522041135
2025-10-21T13:24:36.504018,140,0.8663145899772644,yolov5n,55.0,2,0.0961916446685791,8.928270816802979,54.1876118183136,0.8149905403455098
2025-10-21T13:24:36.667483,141,0.6722574830055237,yolov5n,58.9,3,0.12344861030578613,8.942320585250854,54.35107755661011,0.5906479159990946
2025-10-21T13:24:36.794514,142,0.0,yolov5n,57.5,0,0.098419189453125,8.930675268173218,54.478108406066895,-4.55378909941236
2025-10-21T13:24:36.926290,143,0.9216788411140442,yolov5n,56.2,2,0.0899968147277832,8.925437927246094,54.60988402366638,0.8772379358609517
2025-10-21T13:24:37.044727,144,0.7978171110153198,yolov5n,56.7,1,0.08267354965209961,8.9013192653656,54.72832131385803,0.7615131669574313
2025-10-21T13:24:37.148082,145,0.0,yolov5n,63.3,0,0.08150935173034668,8.865103006362915,54.83167600631714,-4.535000390831496
2025-10-21T13:24:37.313318,146,0.7522806624571482,yolov5n,57.6,6,0.12214326858520508,8.88580870628357,54.9969117641449,0.6721214751402537
2025-10-21T13:24:37.444164,147,0.5910796485841274,yolov5n,54.1,8,0.08333182334899902,8.875788450241089,55.12775659561157,0.5540442893074619
2025-10-21T13:24:37.550776,148,0.6923718204100927,yolov5n,59.4,6,0.07715415954589844,8.855445861816406,55.23436999320984,0.6622005320257611
2025-10-21T13:24:37.670733,149,0.6542360740048545,yolov5n,54.1,7,0.07574057579040527,8.84415316581726,55.35432720184326,0.6256354342377375
2025-10-21T13:24:37.789410,150,0.4204492121934891,yolov5n,54.1,2,0.07526421546936035,8.827528953552246,55.47300410270691,-0.3235776375740466
2025-10-21T13:24:37.961333,151,0.6911427875359853,yolov5n,58.8,3,0.1310431957244873,8.872647285461426,55.64492630958557,0.601094792286555
2025-10-21T13:24:38.076993,152,0.43578749895095825,yolov5n,58.1,1,0.07928943634033203,8.858112096786499,55.760587215423584,-0.17466754439888937
2025-10-21T13:24:38.361216,153,0.8638717929522196,yolov5n,66.1,3,0.23216509819030762,9.01509428024292,56.04480838775635,0.6614661282963222
2025-10-21T13:24:38.562897,154,0.5052342116832733,yolov5n,59.9,2,0.14709830284118652,9.075701475143433,56.246490478515625,0.3973472085263994
2025-10-21T13:24:38.734539,155,0.5693770150343577,yolov5n,57.3,3,0.10629105567932129,9.133533954620361,56.418133020401,0.5068313976128895
2025-10-21T13:24:39.024936,156,0.7511322796344757,yolov5n,65.3,6,0.2312178611755371,9.304396629333496,56.70853066444397,0.5497791005505456
2025-10-21T13:24:39.175793,157,0.6794265707333883,yolov5n,63.9,3,0.10818696022033691,9.3270423412323,56.85938739776611,0.6147743927107917
2025-10-21T13:24:39.341084,158,0.6009716749191284,yolov5n,62.9,15,0.12202620506286621,9.367317914962769,57.024677991867065,0.5209425581826104
2025-10-21T13:24:39.495943,159,0.45638546347618103,yolov5n,59.2,4,0.10759973526000977,9.393866300582886,57.17953634262085,-0.00014419879365906718
2025-10-21T13:24:39.656595,160,0.4255364735921224,yolov5n,61.9,3,0.11157608032226562,9.422534942626953,57.34018898010254,-0.3130516418359661
2025-10-21T13:24:39.827951,161,0.7292259136835734,yolov5n,66.2,3,0.13237905502319336,9.464466571807861,57.511544704437256,0.6376936303244696
2025-10-21T13:24:39.940351,162,0.8612317740917206,yolov5n,63.5,2,0.08484721183776855,9.450439453125,57.62394452095032,0.8225126498275332
2025-10-21T13:24:40.051525,163,0.5768298991024494,yolov5n,67.3,8,0.08777713775634766,9.434073448181152,57.73511838912964,0.5348553015953965
2025-10-21T13:24:40.308437,164,0.7413103977839152,yolov5n,73.9,3,0.19696044921875,9.55950665473938,57.99203062057495,0.5780210097630818
2025-10-21T13:24:40.426534,165,0.5343464612960815,yolov5n,65.7,3,0.08280014991760254,9.54954743385315,58.11012840270996,0.4979018502765232
2025-10-21T13:24:40.567496,166,0.7059901207685471,yolov5n,66.5,6,0.10792112350463867,9.56054973602295,58.25108981132507,0.6416333168745041
2025-10-21T13:24:40.690424,167,0.6210818323824141,yolov5n,60.3,9,0.08084225654602051,9.569994926452637,58.37401795387268,0.5868126584423913
2025-10-21T13:24:40.890082,168,0.5682020551628537,yolov5n,64.7,9,0.15104460716247559,9.633564710617065,58.57367467880249,0.45593026942676973
2025-10-21T13:24:41.006918,169,0.8398179411888123,yolov5n,67.4,1,0.08893966674804688,9.625133991241455,58.69051194190979,0.7965516448020935
2025-10-21T13:24:41.159655,170,0.4333125650882721,yolov5n,65.9,1,0.11930656433105469,9.651887655258179,58.84324860572815,-0.2438803090724201
2025-10-21T13:24:41.346588,171,0.6569614857435226,yolov5n,54.3,4,0.11723661422729492,9.706793785095215,59.030181884765625,0.5822541366020838
2025-10-21T13:24:41.526040,172,0.4672155163504861,yolov5n,64.9,11,0.1421968936920166,9.758037567138672,59.20963454246521,0.0697148262020929
2025-10-21T13:24:41.764518,173,0.6000889752592359,yolov5n,63.7,7,0.17613458633422852,9.867706775665283,59.44811177253723,0.45993943488787087
2025-10-21T13:24:41.916572,174,0.6352040767669678,yolov5n,63.6,9,0.10435104370117188,9.894881963729858,59.6001660823822,0.5748140282101102
2025-10-21T13:24:42.060513,175,0.9060986638069153,yolov5n,64.5,1,0.10823464393615723,9.919435024261475,59.74410796165466,0.8413935038778517
2025-10-21T13:24:42.165092,176,0.824522590637207,yolov5n,61.1,5,0.07481169700622559,9.907599925994873,59.84868597984314,0.7969540384080674
2025-10-21T13:24:42.408898,177,0.5273853182792664,yolov5n,64.4,5,0.1999666690826416,10.02882719039917,60.09249234199524,0.3607556859652202
2025-10-21T13:24:42.616944,178,0.8597390651702881,yolov5n,60.7,1,0.14687895774841309,10.122291088104248,60.300537109375,0.7520957787831624
2025-10-21T13:24:42.750611,179,0.8273137211799622,yolov5n,66.0,2,0.10419511795043945,10.12923550605774,60.43420457839966,0.7670969234572517
2025-10-21T13:24:42.874053,180,0.0,yolov5n,69.5,0,0.09829878807067871,10.143928527832031,60.557647466659546,-4.553655320098532
2025-10-21T13:24:43.008200,181,0.9492064118385315,yolov5n,64.9,1,0.09445786476135254,10.162681341171265,60.69179344177246,0.8998087843259175
2025-10-21T13:24:43.130089,182,0.5704506039619446,yolov5n,62.8,3,0.08614397048950195,10.166067600250244,60.813682556152344,0.5302906367513869
2025-10-21T13:24:43.238330,183,0.4664153516292572,yolov5n,67.1,10,0.08370733261108398,10.153660774230957,60.921923875808716,0.12670159619410254
2025-10-21T13:24:43.369705,184,0.9189063906669617,yolov5n,68.0,1,0.11045575141906738,10.173091173171997,61.05329918861389,0.8517333335346646
2025-10-21T13:24:43.528604,185,0.6053929676612219,yolov5n,64.0,6,0.12185168266296387,10.213053226470947,61.21219730377197,0.525557764702373
2025-10-21T13:24:43.653148,186,0.5801902294158936,yolov5n,59.3,5,0.07909464836120605,10.21627926826477,61.33674240112305,0.5478628423478868
2025-10-21T13:24:43.788298,187,0.9066668748855591,yolov5n,70.6,1,0.11936593055725098,10.232096672058105,61.47189164161682,0.8295936187108357
2025-10-21T13:24:43.908077,188,0.8470751643180847,yolov5n,67.2,2,0.08767843246459961,10.235739707946777,61.591670751571655,0.8052102393574185
2025-10-21T13:24:44.078683,189,0.6032157987356186,yolov5n,61.2,4,0.11922454833984375,10.294609069824219,61.762277126312256,0.5262996339135699
2025-10-21T13:24:44.191964,190,0.5996092557907104,yolov5n,69.6,3,0.09411478042602539,10.299859046936035,61.87555718421936,0.5505928330951266
2025-10-21T13:24:44.350070,191,0.0,yolov5n,58.2,0,0.10105705261230469,10.347726345062256,62.033663272857666,-4.556720058478116
2025-10-21T13:24:44.471627,192,0.7030076533555984,yolov5n,62.9,4,0.09239935874938965,10.358096361160278,62.155221462249756,0.6558972547451655
2025-10-21T13:24:44.652540,193,0.741874486207962,yolov5n,60.1,4,0.12716078758239746,10.42538046836853,62.33613348007202,0.6561402777830759
2025-10-21T13:24:44.870055,194,0.7638229628403982,yolov5n,58.6,6,0.15357422828674316,10.530026197433472,62.55364918708801,0.6487404869662391
2025-10-21T13:24:45.048404,195,0.8441173136234283,yolov5n,61.3,2,0.13509225845336914,10.594732999801636,62.73199796676636,0.7495703597863514
2025-10-21T13:24:45.260321,196,0.522402435541153,yolov5n,74.2,2,0.1761183738708496,10.638535499572754,62.94391465187073,0.3822709090179867
2025-10-21T13:24:45.373491,197,0.9033998847007751,yolov5n,67.1,1,0.08298110961914062,10.642895460128784,63.05708456039429,0.8667542073461745
2025-10-21T13:24:45.561468,198,0.7157285690307618,yolov5n,64.4,5,0.14629125595092773,10.719368696212769,63.24506163597107,0.608738284640842
2025-10-21T13:24:45.722258,199,0.8777681589126587,yolov5n,54.4,1,0.09888648986816406,10.763913869857788,63.40581202507019,0.8234498368369209
2025-10-21T13:24:45.890716,200,0.4968496362368266,yolov5n,59.8,15,0.12332439422607422,10.80860185623169,63.57430982589722,0.38702487623533277
2025-10-21T13:24:46.019089,201,0.8925326466560364,yolov5n,57.4,1,0.08485198020935059,10.83000373840332,63.70267987251282,0.8538082242012024
2025-10-21T13:24:46.145002,202,0.8847090601921082,yolov5n,57.8,1,0.09593605995178223,10.851369380950928,63.82859539985657,0.8336689935790168
2025-10-21T13:24:46.241278,203,0.48670488595962524,yolov5n,61.6,1,0.07640671730041504,10.84031867980957,63.924872636795044,0.3377083284975403
2025-10-21T13:24:46.334891,204,0.678688570857048,yolov5n,66.2,6,0.07886600494384766,10.8330819606781,64.01848602294922,0.6466152320305506
2025-10-21T13:24:46.672205,205,0.6942986309528351,yolov5n,60.4,5,0.2917003631591797,11.071949481964111,64.35579943656921,0.4257426718870798
2025-10-21T13:24:46.856464,206,0.6191189686457316,yolov5n,55.2,6,0.12116813659667969,11.152894973754883,64.54001307487488,0.5400432613160875
2025-10-21T13:24:46.995956,207,0.801544189453125,yolov5n,58.6,2,0.09741497039794922,11.183454513549805,64.6795506477356,0.7488608890109592
2025-10-21T13:24:47.154969,208,0.7709742367267609,yolov5n,63.4,5,0.12475061416625977,11.242480516433716,64.83856344223022,0.6879179987642501
2025-10-21T13:24:47.326333,209,0.6146097838878631,yolov5n,58.2,5,0.11450767517089844,11.29743218421936,65.00992727279663,0.5429345892535316
2025-10-21T13:24:47.502655,210,0.6841906309127808,yolov5n,58.9,3,0.11627912521362305,11.370885848999023,65.18624782562256,0.6105471584531996
2025-10-21T13:24:47.649467,211,0.6101909961019244,yolov5n,57.9,7,0.09143733978271484,11.425328493118286,65.3330614566803,0.5641495074544635
2025-10-21T13:24:47.770582,212,0.65933558344841,yolov5n,61.9,2,0.08726739883422852,11.444181442260742,65.45417642593384,0.6179273625214894
2025-10-21T13:24:47.982593,213,0.6014335751533508,yolov5n,62.5,2,0.17077040672302246,11.553950309753418,65.66618728637695,0.4672442343499925
2025-10-21T13:24:48.146128,214,0.6247123394693647,yolov5n,58.7,7,0.11125922203063965,11.618399381637573,65.82972240447998,0.5566465372130984
2025-10-21T13:24:48.341478,215,0.6838670969009399,yolov5n,59.1,1,0.13144326210021973,11.718172311782837,66.0250723361969,0.5933745834562514
2025-10-21T13:24:48.453267,216,0.6556340754032135,yolov5n,65.9,5,0.0868680477142334,11.744254112243652,66.13686108589172,0.6146695779429542
2025-10-21T13:24:48.685691,217,0.5658481240272522,yolov5n,58.6,10,0.1532585620880127,11.889875173568726,66.36928510665894,0.4511163883739047
2025-10-21T13:24:48.820247,218,0.5671652058760325,yolov5n,65.1,3,0.09654712677001953,11.945732116699219,66.50384020805359,0.5154461761315663
2025-10-21T13:24:48.941858,219,0.7833340764045715,yolov5n,63.9,1,0.0890192985534668,11.989129304885864,66.62545037269592,0.7399793002340529
2025-10-21T13:24:49.060934,220,0.8619419038295746,yolov5n,64.5,2,0.08454298973083496,12.035935401916504,66.7445285320282,0.8235608041286469
2025-10-21T13:24:49.195679,221,0.8174113929271698,yolov5n,62.9,4,0.09898185729980469,12.098338603973389,66.8792736530304,0.7629871070384979
2025-10-21T13:24:49.357878,222,0.7410534421602885,yolov5n,67.2,3,0.13114261627197266,12.1917085647583,67.04147171974182,0.6508949796358744
2025-10-21T13:24:49.549852,223,0.7347348829110464,yolov5n,65.3,6,0.15395450592041016,12.313795566558838,67.23344659805298,0.6192298763328128
2025-10-21T13:24:49.703237,224,0.7773106694221497,yolov5n,62.4,5,0.11288046836853027,12.399729013442993,67.38683199882507,0.707443482346005
2025-10-21T13:24:49.907218,225,0.8682213425636292,yolov5n,64.1,3,0.15126538276672363,12.535673141479492,67.59081220626831,0.7557042506006029
2025-10-21T13:24:50.124200,226,0.4137977560361226,yolov5n,64.2,6,0.17409920692443848,12.686866044998169,67.8077940940857,-0.49990872329116304
2025-10-21T13:24:50.337423,227,0.4795432984828949,yolov5n,70.5,2,0.15209650993347168,12.833204507827759,68.02101755142212,0.18199282736941474
2025-10-21T13:24:50.461550,228,0.6619499538625989,yolov5n,58.8,7,0.07920622825622559,12.897189617156982,68.14514374732971,0.6294985891334594
2025-10-21T13:24:50.573730,229,0.6016048938035965,yolov5n,67.9,2,0.08688092231750488,12.950499534606934,68.25732254981995,0.5606260912285911
2025-10-21T13:24:50.679586,230,0.7688130140304565,yolov5n,67.1,1,0.08391475677490234,12.994002342224121,68.36318039894104,0.7311299509472318
2025-10-21T13:24:50.860887,231,0.8298929333686829,yolov5n,68.3,2,0.14749884605407715,13.11150050163269,68.54447960853577,0.721560882197486
2025-10-21T13:24:50.960700,232,0.7950942814350128,yolov5n,69.7,2,0.08086419105529785,13.15334415435791,68.64429426193237,0.7608007358180152
2025-10-21T13:24:51.086656,233,0.6701642523209254,yolov5n,65.1,6,0.09146308898925781,13.218387126922607,68.77024626731873,0.6240941534439722
2025-10-21T13:24:51.217685,234,0.5274708688259124,yolov5n,56.2,5,0.07732772827148438,13.28766918182373,68.90127921104431,0.4971067263020409
2025-10-21T13:24:51.382344,235,0.6305891672770182,yolov5n,53.6,3,0.0929872989654541,13.391252517700195,69.0659384727478,0.5828255017598469
2025-10-21T13:24:51.532032,236,0.9364686608314514,yolov5n,58.5,1,0.10198163986206055,13.480627536773682,69.21562457084656,0.8787112832069397
2025-10-21T13:24:51.694387,237,0.49367682229388843,yolov5n,53.8,11,0.09985828399658203,13.580854177474976,69.37798023223877,0.3813702560726499
2025-10-21T13:24:51.820257,238,0.761825700600942,yolov5n,63.9,3,0.0921330451965332,13.645084142684937,69.50385117530823,0.7150112059381273
2025-10-21T13:24:51.973147,239,0.8321220874786377,yolov5n,60.5,1,0.11237359046936035,13.734025955200195,69.65674090385437,0.7628180980682373
2025-10-21T13:24:52.115484,240,0.7007065415382385,yolov5n,59.0,2,0.09634780883789062,13.822734355926514,69.79907846450806,0.6492089761628045
2025-10-21T13:24:52.270016,241,0.6595344373158046,yolov5n,59.8,7,0.10445380210876465,13.918043375015259,69.95360946655273,0.5990302127505105
2025-10-21T13:24:52.407197,242,0.5092393755912781,yolov5n,56.1,1,0.08440327644348145,13.994840145111084,70.09079122543335,0.47101351287629867
2025-10-21T13:24:52.519068,243,0.7200537919998169,yolov5n,65.9,1,0.08743429183959961,14.048022985458374,70.20266199111938,0.6784601344002618
2025-10-21T13:24:52.619961,244,0.6217447306428637,yolov5n,62.3,7,0.07171249389648438,14.087725400924683,70.30355548858643,0.5976197374245478
2025-10-21T13:24:52.782472,245,0.7029490619897842,yolov5n,59.8,8,0.11460590362548828,14.194218158721924,70.46606612205505,0.6311647246281306
2025-10-21T13:24:53.048798,246,0.8393620848655701,yolov5n,60.0,1,0.19869709014892578,14.402592420578003,70.73239135742188,0.674143095811208
2025-10-21T13:24:53.199484,247,0.7751337479461323,yolov5n,54.8,11,0.09565043449401855,14.49238657951355,70.88307762145996,0.7244110429527784
2025-10-21T13:24:53.356088,248,0.7900734841823578,yolov5n,57.8,2,0.10474085807800293,14.598364353179932,71.03968143463135,0.7292503085401323
2025-10-21T13:24:53.542122,249,0.5316565856337547,yolov5n,60.8,4,0.13471651077270508,14.726526975631714,71.22571611404419,0.437527129219638
2025-10-21T13:24:53.677980,250,0.5944952312856913,yolov5n,62.1,16,0.09682393074035645,14.802542686462402,71.36157464981079,0.5424686415741841
2025-10-21T13:24:53.910057,251,0.5182029120624065,yolov5n,57.6,8,0.16423320770263672,14.975409746170044,71.5936508178711,0.39127712572614354
2025-10-21T13:24:54.098081,252,0.712445338567098,yolov5n,68.3,6,0.15970826148986816,15.09942078590393,71.78167486190796,0.5905472702450223
2025-10-21T13:24:54.340268,253,0.6557590464750925,yolov5n,67.3,3,0.2113785743713379,15.295679330825806,72.02386140823364,0.4764495193958282
2025-10-21T13:24:54.476468,254,0.9354478418827057,yolov5n,59.1,2,0.09385037422180176,15.373469829559326,72.16006183624268,0.8867252038584815
2025-10-21T13:24:54.590035,255,0.7634694948792458,yolov5n,62.4,4,0.08095383644104004,15.434509992599487,72.27362895011902,0.7290763432780901
2025-10-21T13:24:54.715960,256,0.6820682287216187,yolov5n,60.4,3,0.09222102165222168,15.505518913269043,72.39955401420593,0.6351559824413724
2025-10-21T13:24:54.916271,257,0.554816722869873,yolov5n,56.3,1,0.12819719314575195,15.645066976547241,72.5998649597168,0.4679309527079264
2025-10-21T13:24:55.035064,258,0.5456384062767029,yolov5n,63.0,5,0.08776354789733887,15.711350202560425,72.71865725517273,0.503678908612993
2025-10-21T13:24:55.263869,259,0.6260574907064438,yolov5n,74.5,4,0.18268728256225586,15.8870108127594,72.94746279716492,0.47862717674838173
2025-10-21T13:24:55.403282,260,0.6507238745689392,yolov5n,70.5,4,0.07157540321350098,15.97312331199646,73.0868763923645,0.6267512043317158
2025-10-21T13:24:55.538058,261,0.5976098908318414,yolov5n,57.5,9,0.08462357521057129,16.05047607421875,73.22165203094482,0.5591392517089844
2025-10-21T13:24:55.703095,262,0.7123333116372427,yolov5n,60.6,3,0.12823104858398438,16.16544008255005,73.38668823242188,0.6254099243217044
2025-10-21T13:24:55.810534,263,0.6127716124057769,yolov5n,63.0,5,0.07891130447387695,16.218111753463745,73.49412775039673,0.5806479407681359
2025-10-21T13:24:55.930343,264,0.8681110143661499,yolov5n,60.3,1,0.08880615234375,16.281348705291748,73.61393666267395,0.8249930673175387
2025-10-21T13:24:56.043047,265,0.665897799389703,yolov5n,59.0,7,0.08137178421020508,16.340153455734253,73.72664141654968,0.6310402613783639
2025-10-21T13:24:56.157010,266,0.6564395278692245,yolov5n,59.4,2,0.0782632827758789,16.396311283111572,73.84060430526733,0.6250358803404702
2025-10-21T13:24:56.309297,267,0.8145174980163574,yolov5n,60.8,1,0.1138768196105957,16.49299955368042,73.99289059638977,0.7435432540045844
2025-10-21T13:24:56.414683,268,0.5353855490684509,yolov5n,61.0,1,0.07445645332336426,16.540062427520752,74.09827756881714,0.5082117120424906
2025-10-21T13:24:56.520838,269,0.5916555225849152,yolov5n,60.6,8,0.07926678657531738,16.585599422454834,74.20443153381348,0.5591368708345625
2025-10-21T13:24:56.666096,270,0.6729420572519302,yolov5n,56.0,2,0.09765362739562988,16.6701602935791,74.349689245224,0.619993582367897
2025-10-21T13:24:56.900236,271,0.6364662647247314,yolov5n,53.9,1,0.15654897689819336,16.846564531326294,74.58382964134216,0.5180785126156278
2025-10-21T13:24:57.049170,272,0.614227682352066,yolov5n,57.3,2,0.11159229278564453,16.93181538581848,74.73276448249817,0.5457918014791276
2025-10-21T13:24:57.154176,273,0.839270293712616,yolov5n,54.2,1,0.07059407234191895,16.967679023742676,74.83776998519897,0.8163879911104838
2025-10-21T13:24:57.500901,274,0.7670757004192897,yolov5n,64.1,14,0.3045327663421631,17.265668392181396,75.18449449539185,0.48426151559466407
2025-10-21T13:24:57.669330,275,0.6076205585684095,yolov5n,56.0,7,0.11826467514038086,17.37103796005249,75.35292410850525,0.5317709195235418
2025-10-21T13:24:57.827984,276,0.8114122152328491,yolov5n,58.6,1,0.11492538452148438,17.46824836730957,75.51157832145691,0.7392728990978665
2025-10-21T13:24:57.986242,277,0.7516155242919922,yolov5n,57.3,1,0.1074669361114502,17.564441204071045,75.6698362827301,0.6877633730570475
2025-10-21T13:24:58.122117,278,0.89822056889534,yolov5n,57.6,2,0.09188413619995117,17.639561891555786,75.80571103096008,0.8516826397842832
2025-10-21T13:24:58.257447,279,0.6187875162471425,yolov5n,57.4,11,0.0921018123626709,17.71590280532837,75.94104075431824,0.5720077247330637
2025-10-21T13:24:58.367212,280,0.7294520139694214,yolov5n,62.9,3,0.08446955680847168,17.764564037322998,76.05080509185791,0.6911525064044528
2025-10-21T13:24:58.646281,281,0.68111851811409,yolov5n,54.7,2,0.19486284255981445,17.982224702835083,76.32987475395203,0.5201598041587405
2025-10-21T13:24:58.830284,282,0.5066999991734823,yolov5n,59.0,6,0.1264815330505371,18.10892629623413,76.5138783454895,0.42172051800621885
2025-10-21T13:24:59.001546,283,0.5893147687117258,yolov5n,58.5,3,0.12964344024658203,18.220045804977417,76.68513989448547,0.5008220573266347
2025-10-21T13:24:59.277514,284,0.5036007116238276,yolov5n,61.6,6,0.21497035026550293,18.436930418014526,76.9611074924469,0.32030032243993545
2025-10-21T13:24:59.428293,285,0.6579010321034325,yolov5n,57.7,9,0.1082155704498291,18.5274977684021,77.11188769340515,0.5932170649369557
2025-10-21T13:24:59.624005,286,0.554513563712438,yolov5n,59.3,3,0.14948105812072754,18.66545271873474,77.30759882926941,0.44397905468940735
2025-10-21T13:24:59.876266,287,0.9087719917297363,yolov5n,56.2,1,0.18889260292053223,18.857500314712524,77.55986046791077,0.7544468773735894
2025-10-21T13:24:59.998032,288,0.6826515197753906,yolov5n,63.1,3,0.09290909767150879,18.920751810073853,77.68161487579346,0.6349747445848253
2025-10-21T13:25:00.315305,289,0.5056005666653315,yolov5n,69.1,6,0.2652878761291504,19.17988896369934,77.99889898300171,0.26639181541071993
2025-10-21T13:25:00.441371,290,0.6583752036094666,yolov5n,61.5,2,0.09577441215515137,19.24938988685608,78.12496399879456,0.6075147456592984
2025-10-21T13:25:00.605203,291,0.6634224823543003,yolov5n,57.3,7,0.11972260475158691,19.354309797286987,78.28879690170288,0.5859529215192038
2025-10-21T13:25:00.862540,292,0.7211984813213348,yolov5n,56.8,5,0.20206356048583984,19.55303382873535,78.54613494873047,0.5522389696704016
2025-10-21T13:25:01.052582,293,0.7227474451065063,yolov5n,52.6,1,0.13111519813537598,19.688191890716553,78.73617601394653,0.6326194471783109
2025-10-21T13:25:01.186570,294,0.0,yolov5n,51.2,0,0.08330440521240234,19.76253318786621,78.87016415596008,-4.536994894700446
2025-10-21T13:25:01.436167,295,0.7945663452148437,yolov5n,55.5,5,0.19112181663513184,19.96009588241577,79.1197600364685,0.637764326731364
2025-10-21T13:25:01.589876,296,0.7776661813259125,yolov5n,64.0,2,0.12787365913391113,20.059085607528687,79.2734706401825,0.6911398933993446
2025-10-21T13:25:01.693436,297,0.5656903088092804,yolov5n,59.2,2,0.08249497413635254,20.10892391204834,79.37702989578247,0.5295847819911109
2025-10-21T13:25:01.920011,298,0.365765705704689,yolov5n,61.3,2,0.1884310245513916,20.278477907180786,79.60360503196716,-0.9961525077741393
2025-10-21T13:25:02.066694,299,0.6657164891560873,yolov5n,53.4,3,0.09561800956726074,20.37137007713318,79.75028800964355,0.6150298118591309
2025-10-21T13:25:02.206066,300,0.7350171854098638,yolov5n,49.5,6,0.08365273475646973,20.435895919799805,79.88964200019836,0.6976252579026752
2025-10-21T13:25:02.342390,301,0.6069340507189432,yolov5n,54.9,3,0.08676815032958984,20.531981229782104,80.02598428726196,0.5660805503527323
2025-10-21T13:25:02.431400,302,0.5144631266593933,yolov5n,68.1,1,0.07622957229614258,20.579041481018066,80.11499357223511,0.4853191574414571
2025-10-21T13:25:02.519109,303,0.8116310636202494,yolov5n,61.9,3,0.06718134880065918,20.61102533340454,80.20270347595215,0.7925406760639614
2025-10-21T13:25:02.680560,304,0.7386206388473511,yolov5n,56.3,1,0.1167745590209961,20.71853256225586,80.36415362358093,0.6644266843795776
2025-10-21T13:25:02.922090,305,0.6359687546888987,yolov5n,55.6,3,0.19038748741149902,20.90198040008545,80.60568451881409,0.47998265756501085
2025-10-21T13:25:03.068105,306,0.7777200222015381,yolov5n,57.6,5,0.09822368621826172,20.99342703819275,80.75170016288757,0.7241381486256917
2025-10-21T13:25:03.203841,307,0.4676082581281662,yolov5n,61.5,2,0.10576605796813965,21.07318949699402,80.88743543624878,0.1141209424839375
2025-10-21T13:25:03.373080,308,0.7005731264750162,yolov5n,59.8,3,0.1273326873779297,21.188880681991577,81.0566737651825,0.6146479182773166
2025-10-21T13:25:03.508526,309,0.8505781888961792,yolov5n,58.2,1,0.0881803035736084,21.268784761428833,81.19211983680725,0.8081556293699477
2025-10-21T13:25:03.588032,310,0.7282860279083252,yolov5n,69.2,1,0.06973671913146973,21.294548988342285,81.27162599563599,0.7063563399844699
2025-10-21T13:25:03.749810,311,0.855625718832016,yolov5n,57.4,2,0.1182401180267334,21.389338970184326,81.43340396881104,0.7798033654689789
2025-10-21T13:25:03.866670,312,0.7877194285392761,yolov5n,60.1,1,0.0823826789855957,21.4652578830719,81.55026483535767,0.7517386741108365
2025-10-21T13:25:04.038833,313,0.7750858068466187,yolov5n,64.6,6,0.14946842193603516,21.586151123046875,81.72242712974548,0.6645653380288018
2025-10-21T13:25:04.215460,314,0.682202955087026,yolov5n,56.2,3,0.13068127632141113,21.709728479385376,81.89905452728271,0.5925570925076803
2025-10-21T13:25:04.355038,315,0.6007129848003387,yolov5n,59.7,7,0.0984048843383789,21.79435634613037,82.03863143920898,0.5469297799799178
2025-10-21T13:25:04.488719,316,0.8780241906642914,yolov5n,62.0,2,0.08882713317871094,21.87696099281311,82.17231297492981,0.8348829315768348
2025-10-21T13:25:04.767855,317,0.526450534661611,yolov5n,58.8,6,0.2158339023590088,22.105371713638306,82.45144987106323,0.3421906431516012
2025-10-21T13:25:04.961681,318,0.4415182024240494,yolov5n,58.0,2,0.12026715278625488,22.24612832069397,82.64527344703674,-0.16289142033284382
2025-10-21T13:25:05.181680,319,0.8778554201126099,yolov5n,62.8,2,0.1546468734741211,22.415969610214233,82.86527371406555,0.7615811162524753
2025-10-21T13:25:05.402359,320,0.944094181060791,yolov5n,59.2,1,0.14103341102600098,22.600785970687866,83.08595299720764,0.8429459465874566
2025-10-21T13:25:05.628447,321,0.4422754645347595,yolov5n,54.7,1,0.1480400562286377,22.77691674232483,83.31204175949097,-0.1861775959736019
2025-10-21T13:25:05.825769,322,0.6929786801338196,yolov5n,59.2,2,0.1383533477783203,22.935232162475586,83.50936222076416,0.5948082937134637
2025-10-21T13:25:05.963140,323,0.8574645519256592,yolov5n,58.8,2,0.09692573547363281,23.04092812538147,83.6467342376709,0.8053248458438449
2025-10-21T13:25:06.188806,324,0.6031390087945121,yolov5n,56.8,7,0.1739976406097412,23.227526426315308,83.87240052223206,0.4653638525614663
2025-10-21T13:25:06.323193,325,0.5863016214635637,yolov5n,59.9,9,0.0948934555053711,23.315568208694458,84.00678730010986,0.5364200042353735
2025-10-21T13:25:06.515169,326,0.6022976934909821,yolov5n,57.6,4,0.1492478847503662,23.462661027908325,84.19876408576965,0.49202226599057514
2025-10-21T13:25:06.654033,327,0.7132779359817505,yolov5n,57.0,1,0.10282111167907715,23.5501811504364,84.33762621879578,0.654587811893887
2025-10-21T13:25:06.763696,328,0.6145394146442413,yolov5n,57.8,2,0.08417201042175293,23.607545137405396,84.44729018211365,0.576570514175627
2025-10-21T13:25:06.899413,329,0.5916508227586746,yolov5n,58.7,10,0.11263322830200195,23.683359622955322,84.5830066204071,0.5220583468675614
2025-10-21T13:25:07.173583,330,0.7466622988382975,yolov5n,59.5,3,0.2204279899597168,23.89766812324524,84.85717725753784,0.5572978655497233
2025-10-21T13:25:07.329215,331,0.8550695180892944,yolov5n,55.3,1,0.1040639877319336,23.99292540550232,85.01280856132507,0.7949984206093682
2025-10-21T13:25:07.496652,332,0.6523949901262919,yolov5n,58.9,15,0.12331581115722656,24.092938661575317,85.18024563789368,0.5709329777293735
2025-10-21T13:25:07.604759,333,0.640262504418691,yolov5n,62.4,3,0.08463549613952637,24.135146379470825,85.28835344314575,0.6017786198192172
2025-10-21T13:25:07.741532,334,0.4483430286248525,yolov5n,60.2,3,0.10229706764221191,24.20266842842102,85.42512655258179,-0.07467653354990489
2025-10-21T13:25:07.896339,335,0.7945889830589294,yolov5n,59.1,1,0.12266111373901367,24.2836971282959,85.5799331665039,0.7138544122378031
2025-10-21T13:25:08.054573,336,0.7497608661651611,yolov5n,64.7,2,0.12111091613769531,24.36870312690735,85.7381660938263,0.6707487371232774
2025-10-21T13:25:08.188958,337,0.5787786096334457,yolov5n,52.7,6,0.07835912704467773,24.425942420959473,85.87255239486694,0.5472684684726927
2025-10-21T13:25:08.380973,338,0.6816282331943512,yolov5n,58.1,5,0.14407110214233398,24.539919137954712,86.06456708908081,0.5771047863695355
2025-10-21T13:25:08.627023,339,0.8031596541404724,yolov5n,58.0,1,0.18809247016906738,24.708998918533325,86.31061697006226,0.649723576174842
2025-10-21T13:25:08.931761,340,0.4932152032852173,yolov5n,59.3,1,0.24129557609558105,24.932913541793823,86.61535549163818,0.2196015284416346
2025-10-21T13:25:09.182987,341,0.7338377609848976,yolov5n,56.5,4,0.18607187271118164,25.10461711883545,86.86658024787903,0.5826467913058069
2025-10-21T13:25:09.324715,342,0.8267409056425095,yolov5n,57.5,4,0.10365915298461914,25.16711139678955,87.00830841064453,0.7671196245484881
2025-10-21T13:25:09.481878,343,0.6779128834605217,yolov5n,53.9,4,0.0982048511505127,25.240766286849976,87.16547226905823,0.6243519377377298
2025-10-21T13:25:09.637195,344,0.7566997051239014,yolov5n,55.9,5,0.10430026054382324,25.315874338150024,87.32078838348389,0.6963660822974311
2025-10-21T13:25:09.769882,345,0.6485834896564484,yolov5n,56.6,5,0.09040689468383789,25.366814851760864,87.45347690582275,0.6036869400077396
2025-10-21T13:25:09.993289,346,0.8046539127826691,yolov5n,67.7,2,0.19809341430664062,25.504464387893677,87.67688250541687,0.6401056746641796
2025-10-21T13:25:10.188954,347,0.41946350038051605,yolov5n,68.9,2,0.15611767768859863,25.61338710784912,87.8725471496582,-0.4232719162331781
2025-10-21T13:25:10.333018,348,0.6428747177124023,yolov5n,66.2,3,0.10464596748352051,25.674034595489502,88.016610622406,0.5821569760640461
2025-10-21T13:25:10.431001,349,0.6622809171676636,yolov5n,55.8,6,0.06739377975463867,25.688690900802612,88.11459493637085,0.642954495218065
2025-10-21T13:25:10.579031,350,0.0,yolov5n,60.4,0,0.11188864707946777,25.74433994293213,88.26262497901917,-4.56875516344163
2025-10-21T13:25:10.712018,351,0.48701711211885723,yolov5n,55.0,7,0.08256292343139648,25.78921365737915,88.39561176300049,0.33399035481092565
2025-10-21T13:25:10.900313,352,0.8954188426335653,yolov5n,51.1,3,0.11766409873962402,25.880249500274658,88.58390760421753,0.8202365107006497
2025-10-21T13:25:11.077160,353,0.7767075300216675,yolov5n,52.1,1,0.11311984062194824,25.956923246383667,88.76075339317322,0.7065743737750583
2025-10-21T13:25:11.242046,354,0.7304860552151998,yolov5n,53.9,3,0.10382771492004395,26.030473947525024,88.92564010620117,0.6706774830818176
2025-10-21T13:25:11.390274,355,0.6447012983262539,yolov5n,51.9,16,0.09751415252685547,26.088829278945923,89.07386827468872,0.5919077955186367
2025-10-21T13:25:11.535028,356,0.599169559776783,yolov5n,58.8,4,0.10264158248901367,26.139061450958252,89.21862244606018,0.5406789125667678
2025-10-21T13:25:11.692963,357,0.5724206971270698,yolov5n,51.1,14,0.10003089904785156,26.194112300872803,89.37654042243958,0.5168308092961236
2025-10-21T13:25:11.863226,358,0.70693572362264,yolov5n,54.0,3,0.11884903907775879,26.272826671600342,89.54682064056396,0.6304367913140192
2025-10-21T13:25:12.000646,359,0.685287743806839,yolov5n,61.5,2,0.11289310455322266,26.311190605163574,89.68423962593079,0.6154065165254805
2025-10-21T13:25:12.137138,360,0.8992220759391785,yolov5n,59.2,1,0.09526562690734863,26.347137928009033,89.82073187828064,0.8489269349310133
2025-10-21T13:25:12.260739,361,0.7098798632621766,yolov5n,62.4,10,0.09957385063171387,26.369940280914307,89.94433331489563,0.6547978070047167
2025-10-21T13:25:12.413975,362,0.6296346008777618,yolov5n,63.1,5,0.12572979927062988,26.427799224853516,90.09756922721863,0.5454903794659508
2025-10-21T13:25:12.609732,363,0.632982075214386,yolov5n,58.5,2,0.15422344207763672,26.5247004032135,90.29332637786865,0.5171782506836785
2025-10-21T13:25:12.790692,364,0.6448348343372345,yolov5n,57.0,5,0.1300969123840332,26.60117506980896,90.47428607940674,0.555838265021642
2025-10-21T13:25:12.936726,365,0.7862375378608704,yolov5n,58.8,2,0.1038656234741211,26.643327713012695,90.62032079696655,0.7263868451118469
2025-10-21T13:25:13.085139,366,0.6438205795628684,yolov5n,59.0,7,0.10104012489318848,26.68425440788269,90.76873350143433,0.5871093296815479
2025-10-21T13:25:13.260906,367,0.5925023943185806,yolov5n,59.3,10,0.13947534561157227,26.753504037857056,90.9444990158081,0.4930853436390559
2025-10-21T13:25:13.401968,368,0.5177381873130799,yolov5n,61.2,5,0.10055279731750488,26.78193950653076,91.08556151390076,0.4615684125158522
2025-10-21T13:25:13.526190,369,0.7246050238609314,yolov5n,53.8,4,0.0750741958618164,26.804229974746704,91.2097840309143,0.696744806236691
2025-10-21T13:25:13.663430,370,0.407291978597641,yolov5n,57.6,2,0.0882253646850586,26.838409662246704,91.34702277183533,-0.4695509872947132
2025-10-21T13:25:13.757818,371,0.8829498291015625,yolov5n,57.6,2,0.07053303718566895,26.8312931060791,91.44141125679016,0.8601353433397081
2025-10-21T13:25:13.936088,372,0.8444512486457825,yolov5n,63.4,1,0.14287281036376953,26.89826536178589,91.61968231201172,0.7412592371304829
2025-10-21T13:25:14.041764,373,0.5738057281289782,yolov5n,65.6,7,0.08388829231262207,26.899243116378784,91.72535824775696,0.5361520700038426
2025-10-21T13:25:14.151060,374,0.6926138798395792,yolov5n,58.3,3,0.07704353332519531,26.900305032730103,91.8346540927887,0.6625655094782511
2025-10-21T13:25:14.267070,375,0.9196642637252808,yolov5n,62.4,2,0.08472490310668945,26.903313636779785,91.95066475868225,0.8810810380511813
2025-10-21T13:25:14.390904,376,0.46397945284843445,yolov5n,59.3,3,0.08926796913146973,26.922688484191895,92.07449746131897,0.09616417208110262
2025-10-21T13:25:14.589038,377,0.7851283550262451,yolov5n,64.6,2,0.160780668258667,27.015718936920166,92.2726309299469,0.6620387236277262
2025-10-21T13:25:14.714387,378,0.6296045581499735,yolov5n,60.3,6,0.08279728889465332,27.03455090522766,92.39798092842102,0.5931631260448031
2025-10-21T13:25:14.838862,379,0.8533434271812439,yolov5n,58.7,1,0.08954143524169922,27.054924964904785,92.52245593070984,0.8094084991349114
2025-10-21T13:25:14.952086,380,0.48236945271492004,yolov5n,65.0,4,0.08482503890991211,27.069127798080444,92.63567972183228,0.28500039208176076
2025-10-21T13:25:15.075897,381,0.872105211019516,yolov5n,62.2,2,0.09168004989624023,27.09731364250183,92.7594907283783,0.825794044468138
2025-10-21T13:25:15.289067,382,0.5999868810176849,yolov5n,68.7,3,0.1575450897216797,27.213415145874023,92.97266030311584,0.48049233688248527
2025-10-21T13:25:15.524418,383,0.7757616102695465,yolov5n,57.7,5,0.16628670692443848,27.35376739501953,93.208012342453,0.6465541581312815
2025-10-21T13:25:15.669185,384,0.5768460333347321,yolov5n,58.9,7,0.10863876342773438,27.408343076705933,93.35277915000916,0.5116918517483605
2025-10-21T13:25:15.778129,385,0.8547575275103251,yolov5n,52.4,3,0.06313657760620117,27.43144464492798,93.46172261238098,0.8401613301701015
2025-10-21T13:25:15.896083,386,0.7023581138678959,yolov5n,53.3,7,0.07181501388549805,27.46915912628174,93.57967710494995,0.6781192095506758
2025-10-21T13:25:16.020045,387,0.7131084978580475,yolov5n,50.8,5,0.07658529281616211,27.515608072280884,93.70363903045654,0.6835692836178674
2025-10-21T13:25:16.184137,388,0.6026450514793396,yolov5n,51.6,5,0.10621047019958496,27.604514360427856,93.86773037910461,0.5401889734798007
2025-10-21T13:25:16.338348,389,0.7542424201965332,yolov5n,52.9,2,0.10663557052612305,27.69128394126892,94.0219419002533,0.6913140085008409
2025-10-21T13:25:16.474251,390,0.7787449359893799,yolov5n,60.8,1,0.1047520637512207,27.756001710891724,94.15784478187561,0.7179093095991347
2025-10-21T13:25:16.605599,391,0.7429297864437103,yolov5n,53.4,2,0.08038711547851562,27.812416553497314,94.28919267654419,0.7091663248009152
2025-10-21T13:25:16.753454,392,0.5662757456302643,yolov5n,54.9,5,0.10109114646911621,27.89052414894104,94.4370481967926,0.509507805109024
2025-10-21T13:25:16.937882,393,0.7162410616874695,yolov5n,57.8,2,0.1412949562072754,28.00250244140625,94.62147641181946,0.6148022214571635
2025-10-21T13:25:17.121199,394,0.786515086889267,yolov5n,59.9,2,0.14522910118103027,28.112706661224365,94.80479264259338,0.6807049744659
2025-10-21T13:25:17.223758,395,0.7048037946224213,yolov5n,60.4,2,0.07335376739501953,28.140071630477905,94.90735077857971,0.6788551641835107
2025-10-21T13:25:17.338799,396,0.5392991857869285,yolov5n,54.4,7,0.08170461654663086,28.178348541259766,95.02239155769348,0.5040718340684498
2025-10-21T13:25:17.482360,397,0.6315633021295071,yolov5n,64.0,8,0.10977649688720703,28.24610686302185,95.16595482826233,0.5651449722548325
2025-10-21T13:25:17.616494,398,0.67828518897295,yolov5n,53.9,4,0.08243322372436523,28.306100130081177,95.30008721351624,0.6422482737236552
2025-10-21T13:25:17.741409,399,0.5626716129481792,yolov5n,59.7,8,0.0903158187866211,28.357704877853394,95.42500281333923,0.5178762587408224
2025-10-21T13:25:17.913248,400,0.6286576290925344,yolov5n,55.5,3,0.12389564514160156,28.450701475143433,95.59684252738953,0.5465513567129772
2025-10-21T13:25:18.117966,401,0.8249818086624146,yolov5n,57.2,1,0.15880322456359863,28.583654642105103,95.80155968666077,0.7040893369250827
2025-10-21T13:25:18.293897,402,0.6272233545780181,yolov5n,59.1,5,0.13321447372436523,28.685102939605713,95.9774899482727,0.5347628282176123
2025-10-21T13:25:18.489741,403,0.655053973197937,yolov5n,52.4,2,0.13366985321044922,28.80844807624817,96.17333507537842,0.5620874696307712
2025-10-21T13:25:18.660051,404,0.9216867089271545,yolov5n,61.2,1,0.13933467864990234,28.907488107681274,96.34364414215088,0.8224259548717074
2025-10-21T13:25:18.808299,405,0.6823476354281107,yolov5n,58.1,3,0.10996842384338379,28.975846529006958,96.49189352989197,0.6157160533799064
2025-10-21T13:25:18.940422,406,0.8981534838676453,yolov5n,54.4,1,0.10085797309875488,29.038121223449707,96.62401628494263,0.8416446248690287
2025-10-21T13:25:19.282409,407,0.5964144691824913,yolov5n,60.5,4,0.29225945472717285,29.306121587753296,96.96600270271301,0.32723729726341033
2025-10-21T13:25:19.487962,408,0.6276161521673203,yolov5n,64.4,2,0.17417263984680176,29.448999643325806,97.17155575752258,0.4896465523375405
2025-10-21T13:25:19.634043,409,0.7705492675304413,yolov5n,56.8,2,0.09515905380249023,29.518182516098022,97.31763744354248,0.7203725410832299
2025-10-21T13:25:19.764442,410,0.6640991508960724,yolov5n,58.5,5,0.0946509838104248,29.584177494049072,97.44803643226624,0.6144869466622671
2025-10-21T13:25:19.929982,411,0.6450168490409851,yolov5n,54.7,5,0.11279964447021484,29.68066954612732,97.61357569694519,0.575239466296302
2025-10-21T13:25:20.146592,412,0.6847090919812521,yolov5n,65.3,3,0.17097163200378418,29.8250572681427,97.8301854133606,0.550296167532603
2025-10-21T13:25:20.346718,413,0.5612553477287292,yolov5n,56.9,5,0.10858941078186035,29.952919721603394,98.03031086921692,0.496156002415551
2025-10-21T13:25:20.507937,414,0.590037401765585,yolov5n,53.7,8,0.11286687850952148,30.041879177093506,98.19153022766113,0.5201853145327833
2025-10-21T13:25:20.654697,415,0.6395724266767502,yolov5n,56.2,2,0.0985405445098877,30.12014389038086,98.33829092979431,0.5856384883324305
2025-10-21T13:25:20.779840,416,0.7693085670471191,yolov5n,59.0,3,0.09824132919311523,30.18199133872986,98.4634313583374,0.71570709016588
2025-10-21T13:25:20.901251,417,0.7309198975563049,yolov5n,58.3,3,0.07947278022766113,30.238908529281616,98.5848445892334,0.6981723639700148
2025-10-21T13:25:21.014847,418,0.6209845940272013,yolov5n,62.2,6,0.0817258358001709,30.28777837753296,98.69844031333923,0.5857336653603447
2025-10-21T13:25:21.258788,419,0.7244764963785807,yolov5n,56.9,3,0.1792614459991455,30.467482566833496,98.9423816204071,0.5808526674906412
2025-10-21T13:25:21.428154,420,0.871180534362793,yolov5n,59.9,2,0.12809181213378906,30.57077431678772,99.11174726486206,0.7844118542141385
2025-10-21T13:25:21.543147,421,0.9020301699638367,yolov5n,61.1,1,0.07730984687805176,30.62165379524231,99.22673892974854,0.8716858956548903
2025-10-21T13:25:21.719056,422,0.6319200620055199,yolov5n,56.9,4,0.12194347381591797,30.73163366317749,99.40264964103699,0.5519828688767221
2025-10-21T13:25:21.943911,423,0.8804491758346558,yolov5n,58.1,1,0.16442513465881348,30.88936424255371,99.6275053024292,0.753310137324863
2025-10-21T13:25:22.164833,424,0.8505686223506927,yolov5n,64.3,2,0.19318723678588867,31.04888105392456,99.84842705726624,0.6914716925885942
2025-10-21T13:25:22.304303,425,0.5580250471830368,yolov5n,61.1,2,0.10533905029296875,31.122916221618652,99.98789715766907,0.4965372135241826
2025-10-21T13:25:22.392589,426,0.8398408591747284,yolov5n,64.9,2,0.06737279891967773,31.14906668663025,100.07618379592896,0.8205377492639754
2025-10-21T13:25:22.507880,427,0.6437674363454183,yolov5n,53.5,3,0.07358217239379883,31.19251847267151,100.19147443771362,0.6175650225745307
2025-10-21T13:25:22.736381,428,0.8386632204055786,yolov5n,59.7,2,0.17725467681884766,31.35229730606079,100.4199743270874,0.6972691350513034
2025-10-21T13:25:22.897723,429,0.5241719186306,yolov5n,59.6,3,0.12485074996948242,31.433449029922485,100.58131408691406,0.4410044186645084
2025-10-21T13:25:23.034283,430,0.7476849903663,yolov5n,59.7,12,0.09861326217651367,31.500691890716553,100.71787691116333,0.6936702546146181
2025-10-21T13:25:23.199841,431,0.7894741793473562,yolov5n,50.4,6,0.10340285301208496,31.597546815872192,100.88343596458435,0.7301376760005951
2025-10-21T13:25:23.560567,432,0.7134921891348702,yolov5n,57.5,7,0.2932462692260742,31.886164903640747,101.24416184425354,0.44321855666145443
2025-10-21T13:25:23.747491,433,0.4067736268043518,yolov5n,48.1,1,0.09626936912536621,32.002338886260986,101.43108582496643,-0.4836722775720429
2025-10-21T13:25:23.885804,434,0.4613865315914154,yolov5n,60.1,1,0.1042323112487793,32.0673828125,101.56939697265625,0.05360796457222289
2025-10-21T13:25:24.002666,435,0.6259766320387522,yolov5n,53.8,3,0.07535696029663086,32.12186527252197,101.68626022338867,0.5978022317091624
2025-10-21T13:25:24.168309,436,0.658137654264768,yolov5n,50.8,6,0.10926079750061035,32.22132205963135,101.85190320014954,0.5922923237085342
2025-10-21T13:25:24.338103,437,0.6072228749593099,yolov5n,56.6,3,0.12819933891296387,32.32566857337952,102.02169752120972,0.5203347206115723
2025-10-21T13:25:24.460784,438,0.6593826189637184,yolov5n,55.5,4,0.08452892303466797,32.379348278045654,102.1443784236908,0.6210171489251984
2025-10-21T13:25:24.589855,439,0.7846486369768778,yolov5n,61.5,3,0.10531759262084961,32.43996977806091,102.27344870567322,0.7231846451759338
2025-10-21T13:25:24.732705,440,0.5032894313335419,yolov5n,60.0,5,0.10580992698669434,32.51210331916809,102.41629934310913,0.4412784013483259
2025-10-21T13:25:24.908464,441,0.8904133439064026,yolov5n,56.8,1,0.13440227508544922,32.620339155197144,102.5920581817627,0.7966330382559035
2025-10-21T13:25:25.048755,442,0.7806426286697388,yolov5n,63.8,2,0.1110541820526123,32.69178318977356,102.73234915733337,0.7128046486112807
2025-10-21T13:25:25.236239,443,0.6526505470275878,yolov5n,71.8,5,0.1508498191833496,32.81537985801697,102.91983199119568,0.5405951923794217
2025-10-21T13:25:25.365372,444,0.0,yolov5n,56.1,0,0.0865926742553711,32.88147592544556,103.04896593093872,-4.540648526970412
2025-10-21T13:25:25.536539,445,0.7576349824666977,yolov5n,56.8,4,0.12316536903381348,32.985610485076904,103.22013258934021,0.6763401279846827
2025-10-21T13:25:25.636777,446,0.6287632822990418,yolov5n,47.9,5,0.060225725173950195,33.01966190338135,103.32036995887756,0.6174013654390971
2025-10-21T13:25:25.753439,447,0.7677745223045349,yolov5n,55.0,2,0.07623100280761719,33.0724036693573,103.43703365325928,0.7386289636294047
2025-10-21T13:25:25.961304,448,0.6205714903771877,yolov5n,59.7,8,0.1580207347869873,33.21510100364685,103.64489793777466,0.5005484517249796
2025-10-21T13:25:26.109092,449,0.8145400583744049,yolov5n,58.6,2,0.11067533493041992,33.29761099815369,103.79268598556519,0.7471230195628272
2025-10-21T13:25:26.340494,450,0.7496106227238973,yolov5n,56.7,3,0.18261289596557617,33.462738275527954,104.02408838272095,0.6022629605399238
2025-10-21T13:25:26.447146,451,0.6801161269346873,yolov5n,65.6,3,0.08682394027709961,33.505783796310425,104.13073992729187,0.6392006377379099
2025-10-21T13:25:26.581762,452,0.553388607998689,yolov5n,55.0,12,0.08265447616577148,33.57421517372131,104.26535630226135,0.5171058567033874
2025-10-21T13:25:26.720504,453,0.6333228349685669,yolov5n,57.4,2,0.10584521293640137,33.65263795852661,104.40409803390503,0.5712725983725654
2025-10-21T13:25:26.828323,454,0.8523983955383301,yolov5n,64.4,1,0.08444786071777344,33.695690393447876,104.51191735267639,0.814122994740804
2025-10-21T13:25:27.023899,455,0.5996787920594215,yolov5n,54.1,4,0.13603520393371582,33.82724571228027,104.70749282836914,0.5040841210219595
2025-10-21T13:25:27.164704,456,0.6960561275482178,yolov5n,53.9,3,0.09786796569824219,33.9109423160553,104.84829831123352,0.6428694989946153
2025-10-21T13:25:27.305594,457,0.6189935088157654,yolov5n,56.0,15,0.0996863842010498,33.990222454071045,104.98918747901917,0.5637864152590434
2025-10-21T13:25:27.424085,458,0.7799490690231323,yolov5n,66.3,1,0.09954619407653809,34.0455379486084,105.10767793655396,0.7248977422714233
2025-10-21T13:25:27.578423,459,0.9028002023696899,yolov5n,55.6,1,0.10510134696960449,34.130043506622314,105.26201748847961,0.8415764835145738
2025-10-21T13:25:27.773115,460,0.6259764522314072,yolov5n,60.1,10,0.1540210247039795,34.26021456718445,105.45670866966248,0.5103975358936521
2025-10-21T13:25:27.939842,461,0.5535615881284078,yolov5n,54.7,3,0.11822175979614258,34.362786054611206,105.62343621253967,0.4777596327993605
2025-10-21T13:25:28.078932,462,0.653120348850886,yolov5n,61.8,3,0.10648703575134277,34.441336154937744,105.76252627372742,0.5903569757938385
2025-10-21T13:25:28.277673,463,0.6146929860115051,yolov5n,61.5,4,0.16242289543151855,34.579230070114136,105.96126699447632,0.48977865775426227
2025-10-21T13:25:28.413257,464,0.7449507862329483,yolov5n,62.9,4,0.10474681854248047,34.65156555175781,106.0968496799469,0.6841209878524144
2025-10-21T13:25:28.541872,465,0.659503232349049,yolov5n,57.0,11,0.09116244316101074,34.72437572479248,106.22546577453613,0.6137671843923703
2025-10-21T13:25:28.706824,466,0.6116708628833294,yolov5n,49.8,16,0.11181926727294922,34.83191895484924,106.39041805267334,0.542982788135608
2025-10-21T13:25:28.836430,467,0.7619120180606842,yolov5n,48.5,2,0.07718658447265625,34.907015800476074,106.52002382278442,0.731704701979955
2025-10-21T13:25:28.932539,468,0.5398225635290146,yolov5n,54.4,2,0.0661470890045166,34.947041749954224,106.61613273620605,0.5218813535239961
2025-10-21T13:25:29.065452,469,0.8232611119747162,yolov5n,43.4,2,0.0662384033203125,35.02300834655762,106.74904537200928,0.8052184416188134
2025-10-21T13:25:29.325627,470,0.6017906069755554,yolov5n,57.6,9,0.21312856674194336,35.22357773780823,107.00922083854675,0.4205366439289517
2025-10-21T13:25:29.460970,471,0.8028113543987274,yolov5n,62.7,2,0.11569571495056152,35.2984402179718,107.14456415176392,0.7298161155647702
2025-10-21T13:25:29.601348,472,0.655293345451355,yolov5n,57.1,4,0.09794402122497559,35.37129211425781,107.28494215011597,0.6020222107569376
2025-10-21T13:25:29.865811,473,0.8393879532814026,yolov5n,56.9,1,0.2024528980255127,35.5588595867157,107.54940462112427,0.6699958443641663
2025-10-21T13:25:30.032953,474,0.5190423652529716,yolov5n,61.6,4,0.1326589584350586,35.65298557281494,107.71654462814331,0.4271990781029065
2025-10-21T13:25:30.280458,475,0.8011474460363388,yolov5n,67.1,4,0.17661070823669434,35.81661558151245,107.96404957771301,0.6604688813289006
2025-10-21T13:25:30.494545,476,0.731944223244985,yolov5n,57.8,3,0.16785860061645508,35.95356345176697,108.1781394481659,0.6009902225600349
2025-10-21T13:25:30.625120,477,0.6349548399448395,yolov5n,52.6,2,0.08611726760864258,35.99817085266113,108.30871391296387,0.5948245426019032
2025-10-21T13:25:30.762926,478,0.4995311200618744,yolov5n,60.2,4,0.10407185554504395,36.05048680305481,108.44651794433594,0.4352313705018306
2025-10-21T13:25:30.953279,479,0.7341140061616898,yolov5n,52.3,8,0.12800312042236328,36.15285563468933,108.6368727684021,0.6474438723590639
2025-10-21T13:25:31.150259,480,0.6113453904787699,yolov5n,60.5,3,0.1658627986907959,36.26484417915344,108.8338532447815,0.4826089474889967
2025-10-21T13:25:31.257167,481,0.8815615177154541,yolov5n,59.0,1,0.07590031623840332,36.27389597892761,108.94076108932495,0.8527833885616727
2025-10-21T13:25:31.520283,482,0.6395437518755595,yolov5n,56.3,3,0.19376397132873535,36.44133687019348,109.20387697219849,0.4798060059547424
2025-10-21T13:25:31.654797,483,0.6228535056114197,yolov5n,62.1,5,0.10641598701477051,36.47655010223389,109.33839106559753,0.5601690755950081
2025-10-21T13:25:31.803445,484,0.7801192402839661,yolov5n,59.9,1,0.10745525360107422,36.52825975418091,109.48703980445862,0.7162800696161058
2025-10-21T13:25:32.066574,485,0.6667067036032677,yolov5n,59.8,4,0.22275447845458984,36.69204926490784,109.75016832351685,0.47475728309816784
2025-10-21T13:25:32.202866,486,0.8118945360183716,yolov5n,59.9,1,0.09930109977722168,36.7161226272583,109.88646078109741,0.757115536265903
2025-10-21T13:25:32.325342,487,0.5404984184673854,yolov5n,57.3,7,0.08652973175048828,36.73387336730957,110.00893640518188,0.49990982763350955
2025-10-21T13:25:32.498720,488,0.5890215403503842,yolov5n,54.6,9,0.11802196502685547,36.7922203540802,110.18231439590454,0.5134415792094337
2025-10-21T13:25:32.625672,489,0.5848115906119347,yolov5n,52.9,4,0.07717275619506836,36.80823373794556,110.3092668056488,0.554619639284081
2025-10-21T13:25:32.783440,490,0.8299951155980428,yolov5n,67.1,3,0.14053988456726074,36.8521203994751,110.46703338623047,0.729395243856642
2025-10-21T13:25:32.898083,491,0.68386310338974,yolov5n,60.2,1,0.08091497421264648,36.850273847579956,110.58167695999146,0.6495131320423551
2025-10-21T13:25:32.996679,492,0.6580616310238838,yolov5n,62.2,4,0.07457756996154785,36.834959268569946,110.68027329444885,0.6307532199554973
2025-10-21T13:25:33.176902,493,0.8508852124214172,yolov5n,57.4,2,0.1313610076904297,36.89558148384094,110.8604965209961,0.7604840927653842
2025-10-21T13:25:33.327228,494,0.5805726846059164,yolov5n,58.1,3,0.10929346084594727,36.921457052230835,111.01082301139832,0.5146910614437528
2025-10-21T13:25:33.496503,495,0.6662980914115906,yolov5n,59.0,1,0.1269214153289795,36.9675395488739,111.18009662628174,0.5808298521571689
2025-10-21T13:25:33.620691,496,0.5531370639801025,yolov5n,52.0,3,0.07802128791809082,36.962066650390625,111.3042848110199,0.5220022996266682
2025-10-21T13:25:33.717252,497,0.7121092319488526,yolov5n,66.7,5,0.08124852180480957,36.92964220046997,111.40084624290466,0.6773886521657309
2025-10-21T13:25:33.905960,498,0.6270457633904049,yolov5n,55.8,7,0.1335752010345459,36.98309588432312,111.58955383300781,0.5341844289075761
2025-10-21T13:25:34.041259,499,0.5490276647938622,yolov5n,54.9,9,0.09531164169311523,36.98277020454407,111.72485327720642,0.4986813962459564
2025-10-21T13:25:34.215119,500,0.5987930148839951,yolov5n,61.8,6,0.14376616477966309,37.019006967544556,111.89871311187744,0.49460838735103607
